name,title,coding
t3_jyjecp,Wisconsin officials: Trump observers obstructing recount,
t3_jyjcxb,Wisconsin officials: Trump observers obstructing recount,
t3_jyj7a6,Michigan Democrats are taking a stand against Trump's campaign to steal the state's vote,
t3_jyj74r,Judge bars Trump appointee from interfering in Voice of America,
t3_jyj6sy,AP Fact Check: Trump's flailing effort resting on mendacity,
t3_jyj6r2,Judge rules against Trump global media chief after firings,
t3_jyj67n,Trump privately plots his next act — including a potential 2024 rematch,
t3_jyj5z6,Detroit voters sue Donald Trump over unsubstantiated claims of voter fraud,
t3_jyj43l,Michigan Group Sues Trump for Disenfranchising Black Voters,
t3_jyj1x6,'GOP made a bed of nails': Scaramucci on Republicans appeasing Trump,
t3_jyix42,Trump does not participate in G-20 event on global pandemic preparedness,
t3_jyirvl,‘Do they just not care?’ Miami immigrants troubled by surge of Latino support for Trump,
t3_jyiov7,"For Netanyahu and Israel, Trump’s Gifts Kept on Coming. Allowing the convicted spy Jonathan Pollard the ability to emigrate to Israel was just the latest in a long list of prizes for America’s closest ally in the Middle East.",
t3_jyiop6,"Trump attacks big Pharma, announces programs to lower drug prices",
t3_jyih12,"Yes, Trump Is (Still) Engaged in an Attempted Coup; and Yes, It Might Lead to a Constitutional Crisis and a Breaking Point",
t3_jyibg1,"Trump addresses virtual G-20 summit, heads out before session on pandemic",
t3_jyi6td,Trump steps on Michigan lawmakers' message in tweets after meeting,
t3_jyi6gg,"With Trump victory in Florida, the state turned a deeper red. What does it mean for future elections?",
t3_jyi5ye,Trump goes golfing in middle of G20 summit,
t3_jyi4xi,Impeach the president again — Removal from office wouldn’t be the goal this time. It would be to prevent Trump from running again.,
t3_jyi47r,Trump Skips G20 Pandemic Preparedness Meeting as Covid-19 Cases Surpass 12 Million in US,
t3_jyi1mt,"Trump campaign ""seeking to disenfranchise Black voters"" with election fraud claims: lawsuit",
t3_jyi19h,Trump Is Staging a Comically Incompetent Coup — It would almost be possible to laugh at this debacle if the stakes weren’t so serious.,
t3_jyhv9o,Trump was pictured on his Virginia golf course during a coronavirus meeting for G20 leaders,
t3_jyhutc,Obama jokes that Navy SEALs could remove Trump from the White House,
t3_jyht3y,Pompeo’s Grotesque Farewell Party in Israel Shows That the Trump Team Knows It's Over — Pompeo used his visit to Israel and the settlements to push forward his pet ideological project and advance his post-Trump political career.,
t3_jyhrl0,Trump skips G20 pandemic event to visit golf club as virus ravages US,
t3_jyhqa5,Trump’s failure to work with Biden is becoming more urgent as Covid spreads,
t3_jyhpv7,To Compare Trump to Hitler is to Insult the American People,
t3_jyhl23,"Week offers snapshot of how Trump, Biden approach presidency",
t3_jyhkqu,Judge rules against Trump global media chief after firings,
t3_jyhjr0,Trump skips G20 coronavirus meeting to play golf and tweet bogus election claims,
t3_jyhghm,President says Trump Jr. doing 'very well' after COVID-19 diagnosis,
t3_jyhg8l,Trump appointed judges in Florida overturn ban on conversion therapy for minors,
t3_jyhe14,Trump tells G20 leaders he wants to work with them ‘for a long time’,
t3_jyhdoi,Trump tweets undermine Michigan leaders; images show Chatfield drinking at Trump hotel,
t3_jyhazf,Trump's monumental sulk: president retreats from public eye as Covid ravages US,
t3_jyh4cs,"As world leaders meet to talk pandemic, Trump checks out and hits the links",
t3_jyh2tm,Trump's 'Death Star' strategy: Forcing a fight over states' electors,
t3_jyh1cz,"McEnany: Trump's path to victory is Supreme Court, exposing 'systemic' voter fraud",
t3_jyh09y,Opinion | Who Will We Be Without Donald Trump?,
t3_jygs2r,"G20 leaders meet to discuss help for poorest nations in post-Covid world, Trump golfs",
t3_jygps8,Trump nominee's long road to Fed may be dead end,
t3_jygnzl,"A group of Michigan voters are suing the Trump campaign for disenfranchising Black voters, lawsuit alleges",
t3_jygnh6,"Here’s when Biden’s win becomes official — and how Trump is trying to prevent that | With key deadlines looming, derailing the certification of results is part of the president’s strategy",
t3_jygj58,Joe Biden Turns 78 and Will Be the Oldest President — After Trump Broke the Record Right Before Him,
t3_jygefw,Who needs Russia? Loudest attacks on US vote are from Trump,
t3_jygbaz,GOP Michigan ex-governor says state board will certify Biden winner over 'bully' Trump,
t3_jyga4y,Judge rules against Trump global media chief after firings,
t3_jyg71f,NAACP Federal Suit: Trump Violated Voting Rights Act,
t3_jyg473,"Battered by setbacks in push to reverse Biden win, Trump persists with fraud claims",
t3_jyg34p,Trump Using Last Days to Lock in Policies and Make Biden’s Task More Difficult,
t3_jyfwel,Analysis: How Georgia proves Trump has no chance of winning,
t3_jyftsx,"Trump’s Pennsylvania Suit is ‘Incoherent Conspiracy,’ Voters Say",
t3_jyft5u,"Tucker Carlson: Forget democratic norms, Democrats want to punish Trump and his supporters",
t3_jyfrde,Senator Shirkey and Speaker Chatifeld’s names projected on Trump International Hotel,
t3_jyfn88,Trump tweets about election results and skips session on pandemic during G20,
t3_jyfjeg,"Most GOP Senators Stay Mum on Trump's Efforts to Challenge Election, After Washington Post Contacted All 53 of Them",
t3_jyfd5c,I met ‘monster’ reality TV star Donald Trump 16 years ago. The reality of him has been monstrous . . .,
t3_jyf2se,"Georgia GOP governor says he understands Trump's frustration, but maintains he's following state laws",
t3_jyevyz,Biden's popular vote lead over Trump stretches to more than 6m,
t3_jyevov,"Trump Supporters in Georgia Threaten to Destroy GOP, Boycott Runoff Elections",
t3_jyemqz,Donald Trump Will Lose One Of His Twitter Accounts To Joe Biden On Inauguration Day. An account the president uses to retweet his conspiracy theories and vitriol will be wiped and handed over to the Biden administration.,
t3_jyeldv,A new lawsuit alleges Trump’s effort to overturn Michigan’s election results disenfranchises Black voters,
t3_jyek1t,Trump’s last-ditch efforts to overturn results fail to make dent in Biden victory,
t3_jyejvj,Lara Trump reportedly mulling 2022 Senate run in North Carolina,
t3_jyehxb,"No, Venezuelan communists did not interfere in the election. Yes, Trump’s legal team claimed that.",
t3_jyeh3g,Trump’s last-ditch efforts to overturn results fail to make dent in Biden victory,
t3_jyegwu,"Wall Street Journal Bails on Trump’s ‘Conspiracy Theory,’ Says Giuliani is Not a ‘Serious Practicing Attorney",
t3_jyefvb,"Donald Trump says 'I won, by the way' and lashes out at Pfizer claiming it delayed news of the COVID-19 vaccine until after the election",
t3_jyee44,Trump to lose @POTUS Twitter account on January 20,
t3_jyedlw,Biden team solicits donations to fund presidential transition as Trump administration blocks federal money,
t3_jyebbg,"GOP asks Michigan not to certify election results, citing ‘irregularities’ | The move follows speculation that Trump is seeking to persuade Michigan Republicans to override election results",
t3_jye9pq,"What to make of more than 70m Americans who voted for Trump? — As of today, 73,781,603 people voted for Trump, which amounts to 47.2 percent of the total votes counted.",
t3_jye8sy,Latinas for Trump founder unseated Florida Democrat after seeing ‘shadow candidate’ enter race,
t3_jye7eu,"In 'Tremendous Rebuke' of Trump Appointee, Federal Judge Bars US Media Agency Head From Interfering in News Coverage | ""Michael Pack has repeatedly and intentionally violated the First Amendment rights of VOA journalists.""",
t3_jye1kw,"Justice Dept. meets Trump, Giuliani vote-fraud claims with silent skepticism",
t3_jydyix,"The Major Difference Between Black Male and Female Voters — Black male turnout for Trump wasn’t indicative of the president’s successful outreach efforts, but rather the long-standing relationship between this voting bloc and the GOP.",
t3_jydvyu,How Georgia's pro-Trump election chief became the bane of the GOP,
t3_jyd786,Trump supporters plan D.C. rally two days before electoral college votes are cast,
t3_jyd52j,Twitter to Meet With Biden Transition Team on Transfer of Social Media Accounts From Trump Admin,
t3_jyd4va,Trump admits Michigan Congressmen met to discuss coup,
t3_jyd46w,Trump has longstanding history of calling elections 'rigged' if he doesn’t like the results,
t3_jycwb6,"Meet Pennsylvania’s anger translator, and Donald Trump’s worst nightmare",
t3_jycumy,How Members of Anti-Immigrant Extremist Groups Have Worked Closely with — and Joined — the Trump Administration,
t3_jycmh4,A destructive legacy: Trump bids for final hack at environmental protections,
t3_jycgfg,"Shame the Random, Unknown Government Officials Aiding Trump’s Coup Attempt",
t3_jycft4,The Memo: Trump plows ahead with efforts to overturn election,
t3_jycdqu,Why Can Trump Try To Steal The Election? Blame The Electoral College.,
t3_jyca1s,"The Trump campaign’s much-hyped affidavit features a big, glaring error",
t3_jyc5ef,Trump options narrow as Michigan backs Biden win,
t3_jyc40v,"With Trump sabotaging American democracy, the Russians don’t need to interfere",
t3_jyc1ze,"Voice of America's 5 Months Under Trump CEO: Lawsuits, Bias Claims, And A Sex Scandal",
t3_jybzw2,Trump Organization's consulting payments to Ivanka Trump are focus of NY tax probe,
t3_jyby64,"Business and World Leaders Move On as Trump Fights to Reverse Election | President-elect Joseph R. Biden Jr. is seizing the moment, not to aggressively confront the president he defeated, but to act presidential in his stead.",
t3_jybvym,Biden's lead over Trump surpasses 6M votes as more ballots are tallied,
t3_jybvbl,"Analysis: With silence, GOP enables Trump's risky endgame",
t3_jybv6o,Will Trump Screw Up Republican Efforts to Hang Onto the Senate?,
t3_jybo0y,"Yes, Donald Trump claimed fraud after the 2016 Iowa caucuses",
t3_jybnek,Trump tries to drum out GOP election officials who won’t play his games — Georgia Secretary of State Brad Raffensperger's family has received threats and he expects a primary challenge in 2022,
t3_jybm3w,Trump maintains unproven 'massive' fraud claim after meeting with Michigan lawmakers,
t3_jybgkx,Op-Ed: How Biden can restore U.S. global leadership after Trump's retreat from international institutions,
t3_jybdm3,Trump Takes Another L: Michigan GOPers Say No To Election Steal,
t3_jybdhg,Why Kemp formalized Georgia’s election despite Trump’s pushback,
t3_jyb540,Where and why President Trump’s election challenges are falling flat in court: explainer,
t3_jyb15a,"U.S. exits Open Skies treaty Sunday, but could Biden undo Trump's withdrawal?",
t3_jyauqo,Conspiracy theories are Trump ‘weapons’ in desperate bid to cling to power,
t3_jyau1p,GOP lawmaker patience runs thin with Trump tactics,
t3_jyat09,Michigan group sues Trump campaign for alleged mass voter suppression,
t3_jyarxl,Neal Katyal: All of Trump’s criminal immunity expires in about 60 days,
t3_jyar6j,Coronavirus updates: Donald Trump Jr. tests positive; model estimates 471k US deaths by March; Cuomo to receive International Emmy,
t3_jyamtf,Barack Obama: ‘Donald Trump and I tell very different stories about America’,
t3_jyaidt,The Danger (and Ineptitude) of Trump’s Failed Coup,
t3_jyagwt,Opinion: About that page of pro-Trump letters...,
t3_jyacke,"Rudy Giuliani's quixotic frenzy has observers wondering if he may need Trump's protection | ""One explanation? He needs a pardon and he's trying to earn it,"" a CNN analyst says",
t3_jyaacw,Kayleigh McEnany’s Latest Trump Lie Is Firmly Debunked In Viral Video,
t3_jya79l,People Think Mnuchin Accidentally Said Trump Admin’s Most Honest Thing About COVID-19,
t3_jya72i,"Two weeks after Biden named President-elect, Trump faces stinging setbacks",
t3_jya718,"Blocked by Trump, Biden forced to use transition workarounds",
t3_jya5eq,Culture wars fuel Trump’s blue-collar Latino gains: “Most Latinos identify first as working-class Americans. And Trump spoke to that.”,
t3_jya174,Judge slaps down Trump appointee who has sought to reshape Voice of America and related agencies,
t3_jy9z3h,Trump tries to leverage power of office to subvert Biden win,
t3_jy9wy2,Counted out: Trump's desperate fight to stop the minority vote,
t3_jy9v9p,"In Georgia, Pence Walks Line Between Trump's Election Falsehoods And GOP Senate Fight",
t3_jy9uv7,"Trump's Futile Fight To Overturn Election Loss Breeds Turmoil, Risk",
t3_jy9t3x,Biden will receive @POTUS Twitter account even if Trump refuses to concede,
t3_jy9p0n,Trump's defeat by Joe Biden has triggered a huge wave of relief among the United States' European allies,
t3_jy9hxd,Sidney Powell’s road from UNC to defending Trump’s supposed ‘landslide’ reelection,
t3_jy9clr,Trump wanted to bomb Iran — and still could — leaving Biden to pick up the pieces,
t3_jy9asn,"Let's count the ways Donald Trump has tried to subvert this election, shall we?",
t3_jy96f8,Shields and Brooks on the danger of Trump’s refusal to concede,
t3_jy94n0,"Trump considers targeting birthright citizenship with executive order in his last weeks in office, report says",
t3_jy93rj,"Dear Trump supporters: Those who egg on the president now, given the damage he does to America, are truly reprehensible",
t3_jy91dn,"The Damage Trump Could Do Before the Inauguration - Some of his methods would be immediately evident; others, hidden.",
t3_jy8vfz,Fareed Zakaria: Trump presidency is stomping on the face of democracy forever,
t3_jy8q5v,"NJ Democrat Calls for Rudy Giuliani, Other Trump Attorneys to be Disbarred",
t3_jy8elg,Most Republicans greet Trump’s push to overturn the election with a customary response: Silence,
t3_jy8cd3,Geraldo Rivera wants to name the Covid-19 vaccine after Trump,
t3_jy853m,US Chamber of Commerce chief calls on Trump to stop delaying transition to Biden presidency,
t3_jy834q,Trump Owned By Parody Twitter Account He Apparently Believed Was His Sister’s,
t3_jy7n7y,Conservative News Site Warns Trump: 'Concede And Move On',
t3_jy79iv,"Trump’s monumental sulk: president retreats from public eye as Covid ravages US | Two weeks after his defeat, Trump has gone from always present to effectively missing, behavior that many say is an unprecedented and dangerous",
t3_jy6uie,A destructive legacy: Trump bids for final hack at environmental protections,
t3_jy6jmy,"Analysis: With Silence, GOP Enables Trump's Risky Endgame",
t3_jy6ja0,Biden Crowdsourcing Money for Transition as Standoff with Trump Continues,
t3_jy6dsk,"Two weeks after Biden named President-elect, Trump faces stinging setbacks",
t3_jy5qo8,Biden's margin of victory widens as Trump's subversion efforts grow more frantic,
t3_jy5nus,Trump's daughter-in-law Lara reported to be considering 2022 Senate run,
t3_jy5na8,Michigan Legislators Spurn Trump’s Bid to Overturn Election Results,
t3_jy5hil,Who needs Russia? Loudest attacks on US vote are from Trump,
t3_jy5c91,Trump Got Tricked by a Twitter Troll Posing as His Sister,
t3_jy58b1,Senators who urged ‘voters to decide’ impeachment won’t admit Trump lost the election,
t3_jy560y,More U.S. Congress Republicans openly doubt Trump's election claims,
t3_jy5154,A tragic farce: Trump's ignominious White House exit,
t3_jy4hqf,"Facing an Election Loss, President Donald Trump Turns to Raw Political Power to Try to Bend the Outcome",
t3_jy4eoa,The GOP's Post-Trump Identity Crisis: What's Next For The Republican Party?,
t3_jy4cdz,Michigan group sues Trump campaign citing disenfranchisement of Black voters - The plaintiffs say the campaign's legal challenges to the election violated their voting rights.,
t3_jy46k6,Letters to the Editor: Stop Donald Trump's coup. Impeach him again,
t3_jy3x4l,"Trump team pushing state legislatures, US House to decide election outcome",
t3_jy3vav,"Omar suggests Biden should 'reverse' Trump's Middle East agreements, says they 'weren't peace deals'",
t3_jy3mi8,"Team Trump Leaders, Including Campaign Manager Bill Stepien, Have No Faith in Rudy",
t3_jy3mhv,Biden's margin of victory over Trump surpasses 6 million votes,
t3_jy3i78,"Trump’s election legal strategy is all but doomed, but still could damage American democracy, experts say",
t3_jy3a7r,"After Trump meeting, Michigan GOP lawmakers affirmed Biden will win the state and urged Trump to focus on the COVID-19 pandemic currently ravaging the US",
t3_jy38k5,CNN's Brianna Keilar rolls the tape on Donald Trump's history of baselessly claiming election fraud,
t3_jyiyi3,Judge rules against Trump global media chief after firings,
t3_jyfnzw,Hispanic Voters In Florida Who Fled Communist Dictatorships Think The Election Was Stolen From President Trump,
t3_jyb1xn,What you you call it when Hell freezes over only it happened a long time ago and no one knew it that a leftist comedian TOTALLY backed up what Trump is saying now?,
t3_jy3z7t,Hispanic Voters in Florida Feel Election Was Stolen from Trump,
t3_jxzypx,President Trump Delivers Remarks on Delivering Lower Prescription Drug Prices for All Americans,
t3_jxzwln,LEGAL STRATEGY: Multiple Pathways To Victory for Trump | Rudy Giuliani | Ep. 88,
t3_jxt0yt,Lawyer working on Trump Pennsylvania effort placed under official protection due to threats,
t3_jxszs8,National Democratic Party official suggests re-education for Trump supporters: 'How do you deprogram 75 million people?',
t3_jxry1p,Live: Trump's legal team is holding a press conference about the election,
t3_jxrp3m,Why Republican voters say there’s ‘no way in hell’ Trump lost,
t3_jxfhko,Biden Supporters ASSAULT Elderly Trump Supporters including Women and Children at MAGA March!,
t3_jxak6t,"Leftists Suggest “Re-education Camps,” “Firing Squads,” Banning Talk Radio to “Deprogram” 75 Million Trump Supporters",
t3_jxaek7,"It’s obvious now, Fox News CONSPIRED against Trump",
t3_jx8wq8,"""They Made Significant Mistakes, Like All Crooks Do, and We Caught Them."" Trump's Lawyers Give Updates on the Election Investigation",
t3_jx683s,Report: Server Seized In Skytl Raid Shows Trump Actually Got 410 Electoral Votes; Media Panics,
t3_jx45t3,Samantha Bee's CRINGEY Attacks on Trump's Immigration Policy,
t3_jx2vlt,Trump Announces a Press Conference and a ‘Viable Path to Victory’,
t3_jwycmm,Tabloid mocked for stinky report about Ivanka Trump: ‘Talk about grasping for straws’,
t3_jwxx7p,"""“Drop and Roll” - How The 2020 Election Was Stolen From Donald Trump""",
t3_jwx3zo,Georgia Audit Catches Third Batch Of Uncounted Votes Favoring Trump,
t3_jwx2py,'Keep fighting': Second Trump rally in Washington set to protest electoral college vote,
t3_jwweh9,Trump Rushes Environmental Regulations That Could Handcuff Biden,
t3_jwsoo1,"Petition circulating at Harvard to stop former Trump administration officials from attending, teaching or speaking at the university",
t3_jwp8t0,"More Evidence Piles On. Michigan and Georgia, Like in PA and VA, Caught in Same Pattern. Once Biden Gained Lead with MASSIVE Vote Dumps, The Remainder of Votes All Possessed the Same Biden to Trump Vote Ratio – This is Statistically Impossible (details in link)",
t3_jwijfx,National Security Advisor Robert O’Brien delivers remarks on President Trump,
t3_jwgkxc,‘Experts’ Listed 27 House Races As Toss-Ups. Republicans Won All 27 - but Trump somehow lost,
t3_jwar6u,Evidence of Dominion Vote-Flipping Against Bernie Sanders in 2016 Boosts Trump Charges,
t3_jw8zf6,Attorney Lin Wood: Team has 'smoking guns' to prove Trump won -- '105% confident' that Biden will never be president,
t3_jw2swy,"BREAKING: Second Georgia County Finds Thousands More Votes, Majority Are For Trump | The Daily Wire",
t3_jw10q7,Hearing Begins in Trump's Critical Pennsylvania Election Challenge,
t3_jvvgff,Trump’s tweet was removed by Twitter and OP’s account suspended. Peter Neffenger. We are getting closer.,
t3_jvvi8r,Official r/DonaldTrump Election Map,
t3_jvke6e,"Trump asked advisers last week for ‘options’ to attack Iran’s nuclear facilities, says report",
t3_jvizbv,Exposed! New Proof On Why I Am CERTAIN Trump Will Win | Janet Porter,
t3_jvdid1,Fareed Zakaria Likens Trump Contesting Election to Pre-Nazi Germany,
t3_jvc7rm,Rioter Who Punched Out Trump Supporter In Viral Video Is Registered Child Sex Offender,
t3_jvc5rt,Ilhan Omar refers to Trump rallies as Klan rallies.,
t3_jvc3hm,Rand Paul's wife lays out example of media bias after watching videos of Trump supporters being attacked in DC,
t3_jvbicl,Obama Compares Trump To A Dictator Who Thinks He ‘Can Kill People’ And ‘Suppress Journalists’ In 60 Minutes Interview,
t3_jvb0i5,Israel Demands CNN Apology over Amanpour Likening Trump’s Tenure to Nazi Germany,
t3_jvazi4,"Obama Compares Trump To Dictator During Interview, Gets Slammed Online For Hypocrisy",
t3_jvayvj,"New Vaccine Developed In Conjunction With Trump’s ‘Operation Warp Speed’ Is 94.5% Effective, Company Says",
t3_jvavf7,Trump laying groundwork for full US troop withdrawal from Afghanistan before leaving office,
t3_jvafi9,Trump Set to Expose Efforts of Chinese Government to Penetrate US Government and Public Institutions,
t3_jv9vi7,The Hill’s Joe Concha WRECKS Failed NeverTrump Lincoln Project,
t3_jv99mm,The Trump Administration Will Produce a Report on Foreign Interference in the Election by December 18,
t3_jur09l,"Dominion Engineer Told Antifa He'd 'Made Sure' Trump Wouldn't Win, Report Says",
t3_jupguc,"In a Blind Test, California Votes for Trump: Ballot Results Show Californians Conservative on Issues",
t3_junzxj,"Sharyl Attkisson: Media plotted to destroy Trump, cover for Biden",
t3_junw72,Democrats Never Conceded 2016 Election. Why Should Trump Concede Before Court Challenges Are Over? - The Lid,
t3_jugszc,Violence erupts in DC as counter-protesters assault Trump supporters,
t3_judnd8,Family with kids getting attacked at the pro Trump rally in DC,
t3_ju6q2m,Pro-Trump supporters descend on DC for 'Million MAGA March' near White House,
t3_jtva01,Leftist cabal's sleazy plan to blacklist Trump-supporters blows up in their faces,
t3_jtscap,"Examining the code, internet geeks conclude 'Trump's win was yuuuge'",
t3_jtjhk0,CNN's Amanpour Likens Trump to Nazis Purging Jews -- 'Assault on Those Same Values',
t3_jt7cno,"Trump Supporters Plan To March On Washington In Protest Of Election Fraud: Saturday, Nov 14th, 12 PM",
t3_jt7cbi,"Judge sides with Trump, barring Pennsylvania from extending voter ID deadline -- A portion of mail-in ballots from voters who had failed to provide ID by Nov. 9 should not be counted.",
t3_jt5vid,AZ Secretary of State’s History of Disdain for Trump and His Supporters: ‘So Much Deplorable at Trump Rallies’,
t3_jt3zmo,BREAKING: Huge Legal Victory for President Trump in Pennsylvania,
t3_jt1uat,Trump campaign wins case to disqualify Pa. mail-in ballots with late-arriving ID,
t3_jt0f1v,Donald J. Trump on Twitter - REPORT: DOMINION DELETED 2.7 MILLION TRUMP VOTES NATIONWIDE.,
t3_jsyei9,Look Closely: Trump Still Has A Shot At Winning Reelection,
t3_jsxsg6,Trump looking to build new digital media empire with 'plans to wreck Fox': Report,
t3_jsxi7j,How Trump Can Win WITHOUT 270 Electoral Votes - The New American,
t3_jz5lhv,Attorney Heading Up Trump Campaign's Wisconsin Recount Effort is Seeking to Throw Out His Own Vote,
t3_jz5lfr,Trump now faces having his golf courses siezed in Scotland due to fishy finances. Not looking good post-presidency.,
t3_jz5jzx,Trump campaign says Sidney Powell not a member of legal team,
t3_jz5hlr,Chris Christie rips Trump's legal team as ‘national embarrassment’,
t3_jz5ffr,Trump campaign says Sidney Powell not a member of legal team,
t3_jz5d4v,A Few More Hill GOPers Push Trump To Accept Reality As More Legal Battles Fall Flat,
t3_jz5bfz,Trump campaign says Sidney Powell isn't a member of its legal team,
t3_jz557f,Pat Toomey: Trump Campaign Has Exhausted Legal Options and Biden Won,
t3_jz54v1,"Fifth GOP Senator congratulates Biden and Harris, says Trump has ""exhausted all"" Penn. legal options",
t3_jz52gp,'Stop golfing and concede': Gov. Hogan fires back on Pres. Trump's COVID test claims,
t3_jz50yb,The danger of Trump and Bannon’s words,
t3_jz4z41,"No, You Do Not Have to Feel the Trump Voter's Pain | There is no reason, after five and half years of untruths, dog-whistles, slurs and conspiracies, and weeks of Trump trying to undermine Biden’s win, to hug the people who want to disenfranchise you",
t3_jz4v45,"Longtime diplomat says Trump conspiracies hurt U.S. more than Russia, China",
t3_jz4sgh,The Wildly Important Legacy of Donald Trump,
t3_jz4ivr,Nearly all Pa. counties expect to sign off on election results by Monday despite Trump’s attempts to delay certification,
t3_jz45sv,More key Republicans tell Trump to end delays. ‘Past time to start a transition’,
t3_jz44h2,Bernie Sanders says GOP ‘has ceased to be a political party’ and is now a ‘cult’ in fiery rebuke of Trump fraud claims,
t3_jz44bn,The Two Biggest Losers: Trump and Giuliani — The bigoted New York septuagenarians team up for one last hurrah.,
t3_jz42uk,"Trump’s legal team cried vote fraud, but courts found none",
t3_jz404d,Team Trump offering 'fire hose' of conspiracy Kool-Aid for supporters,
t3_jz3yzg,Pompeo says Mideast strategy will be Trump administration policy 'until our time is complete',
t3_jz3ygy,"Refusing to concede, Trump pushes for another recount in Georgia",
t3_jz3tv7,"Ronna McDaniel has reportedly warned Donald Trump Jr., Kimberly Guilfoyle could succeed her as RNC chair",
t3_jz3tl3,Michael J. Fox says Donald Trump has played on 'every worst instinct in mankind': 'Biff is president!',
t3_jz3r4j,Trump appeals rejection of effort to block Pennsylvania vote,
t3_jz3pdw,Wisconsin officials: Trump observers obstructing recount,
t3_jz3iys,"Small but growing number of Republicans tell Trump it's over: ""Stop golfing and concede""",
t3_jz3i4z,"""Stop golfing and concede"": Maryland GOP Governor Larry Hogan spars with Trump",
t3_jz3fxh,Claim that Trump 'was never given an orderly transition of power' is false,
t3_jz3fx4,Trump campaign files appeal after Pennsylvania judge shoots down lawsuit,
t3_jz3dde,Trump is in an unprecedented streak of silence,
t3_jz3cid,Can Republicans Get Trump-Style Turnout Without Trump on the Ballot?,
t3_jz3ay5,"Trump slams global climate agreement that Biden intends to rejoin, during G20 speech | CBC News",
t3_jz38b8,"In Wisconsin recount, Trump challenges pile up, slow tally",
t3_jz32ir,"Larry Hogan to Trump: 'Stop golfing and concede' the election 'If you had done your job, America's governors wouldn't have been forced to fend for themselve,' Hogan said",
t3_jz2ux2,"#Resist was a success, in looking back at Trump's presidency",
t3_jz2pci,Tapper: Judges are running out of pejoratives for Trump's legal efforts - CNN Video,
t3_jz2pba,Small but growing number of Republicans tell Trump it’s over: “Stop golfing and concede”,
t3_jz2ofa,Miami Republicans won’t criticize baseless Trump claims of Venezuelan election rigging,
t3_jz2mz3,Trump Campaign Didn’t Request a Recount in Wisconsin Counties Using Dominion Machines,
t3_jz2hjq,Trump team making false argument about his 2016 transition,
t3_jz2dpu,Chris Christie calls the conduct of Trump’s legal team a ‘national embarrassment’,
t3_jz2d5u,"Ronna McDaniel has reportedly warned Donald Trump Jr., Kimberly Guilfoyle could succeed her as RNC chair",
t3_jz265e,"Trump’s legal team cried vote fraud, but courts found none",
t3_jz2622,Trump’s overarching Middle East strategy reaches a disastrous dead end,
t3_jz2555,"In last-gasp maneuver, Trump campaign tries to invalidate thousands of votes as Wisconsin recount gets underway",
t3_jz22oq,Hogan ramps up criticism of Trump: 'Stop golfing and concede',
t3_jz227v,"GOP Senator Has Instructed Staff to Cooperate With Biden Transition, Says It's 'Past Time' for Trump to Do Same",
t3_jz1z65,‘Stop golfing and concede’: Trump and Maryland Gov. Hogan spar again after president criticizes South Korean tests,
t3_jz1pj8,Mao’s Lesson for Trump’s America | Beware of leaders willing to set their own country on fire.,
t3_jz1nzm,National Review Slams Trump’s Refusal To Concede As ‘A Bid For Infamy’ — The conservative magazine condemned the baseless lawsuits and conspiracies of the Trump legal team as a “profoundly undemocratic gambit.”,
t3_jz1lvu,Trump seeks expedited appeal of Pennsylvania ruling against effort to toss mail-in ballots,
t3_jz1k5h,Trump team making false argument about his 2016 transition,
t3_jz1j6s,Missing links: Trump goes golfing in middle of G20 summit,
t3_jz1j0x,Chris Christie: Trump’s Legal Team Has Been a ‘National Embarrassment’,
t3_jz1ita,Biden adviser: Trump seeking to 'subvert the democratic system' with legal challenges,
t3_jz1bo0,Could Trump Have Been Our First 100 Million-Vote President?,
t3_jz1a2t,"Trump Lawyer Sidney Powell Says Georgia Election Lawsuit 'Will Be Biblical,' Suggests GOP Governor Helped Biden",
t3_jz0yry,"GOP Governor On Trump's Election Tantrum: Beginning To Look Like A 'Banana Republic' - ""Frankly, I'm embarrassed that more people in the party aren’t speaking up,"" Maryland Gov. Larry Hogan said.",
t3_jz0vxg,Christie calls Trump's legal efforts a 'national embarrassment' as more Republicans speak out,
t3_jz0nbc,Pressure grows from GOP for Trump to recognize Biden election win,
t3_jz0mm7,Bolton: 'Trump is throwing rocks through windows',
t3_jz0mhl,Trump’s wildest claims are going nowhere in court. Thank legal ethics. Thank legal ethics. The president’s lawyers can’t make assertions without evidence in front of judges.,
t3_jz0fch,Senators push to stop Trump administration’s proposed arms sale to UAE,
t3_jz0eog,"In Public, Trump Still Claims He Won. In Private, Aides Say He’s Planning for Life After Presidency.",
t3_jz0b6y,Claim that Trump 'was never given an orderly transition of power' is false,
t3_jz0b53,Trump tells G-20 world leaders that Paris climate accord was 'designed to kill the American economy',
t3_jz0az8,Pennsylvania GOP Sen. Toomey Says Trump Should Accept Election Loss,
t3_jz0akg,"Trump, GOP’s ridiculous, flailing coup isn’t a joke. It’s a crime. There must be consequences | Will Bunch",
t3_jz088i,Trump team making false argument about his 2016 transition,
t3_jz071b,‘National Embarrassment’: Christie Blasts Trump’s Legal Team As Election Challenges Fizzle,
t3_jz055a,Rep. Jeffries: Trump is in a massive meltdown right now,
t3_jz003m,Chris Christie calls Trump's legal team a 'national embarrassment',
t3_jyzx62,Trump faces pressure from Republicans to drop 'corrosive' fight to overturn election,
t3_jyzr2m,A Republican judge just tore into Trump’s election lawyers for their incompetence. Trump’s lawyers asked a judge to disenfranchise nearly 7 million voters. It ended badly for Trump.,
t3_jyzl4l,Trump slams global climate agreement Biden intends to rejoin,
t3_jyzjov,Chris Christie dismissed Trump's legal team as 'a national embarrassment',
t3_jyzjg9,Congresswoman Liz Cheney is the latest Republican calling on Trump to prove fraud claims in court,
t3_jyzg9r,Rudy Giuliani says election case losses help Trump campaign’s strategy to get ‘expeditiously’ to Supreme Court,
t3_jyzfzs,Chris Christie Says Trump's Legal Team Has Become a 'National Embarrassment',
t3_jyzf5a,Hogan: Trump making US look like a 'banana republic',
t3_jyzag6,"Chris Christie Calls Trump Legal Team ‘National Embarrassment,' Tells President to End Election Suits",
t3_jyza13,A Final Try by Trump to Cut Drug Prices May Stumble in Court,
t3_jyz8b3,"For U.S. election officials certifying results, Trump's refusal to concede has chilling consequences",
t3_jyz588,Chris Christie: Trump's legal team has been 'a national embarrassment',
t3_jyz56l,Trump rails against Paris climate accord in virtual G20 event,
t3_jyyvlv,"Twitter Recognizes Biden as the Next @POTUS, Despite Trump's Denial",
t3_jyys5f,Republican Gov. Larry Hogan is 'embarrassed that more people in the party aren't speaking up' against Trump's refusal to concede,
t3_jyyjwi,Full Cramer: 'Past time to start a transition' but Trump still has a right to challenge,
t3_jyyf6p,"'Unacceptable': Wisconsin Election Officials Say Trump Observers Hindering Recount With Constant Interruptions, Questions",
t3_jyyeac,Chris Christie Tears Into Trump's Legal Team: 'A National Embarrassment',
t3_jyyaoi,"Trump Requests Georgia Recount, Meaning 5 Million Votes Will Be Tabulated A 3rd Time",
t3_jyy8fq,"Biden to name first Cabinet picks Tuesday, as Trump bemoans swift actions",
t3_jyy5hi,"Trump, the Saboteur. First a Tantrum, Then Taking Every Opportunity to Trash Our Government",
t3_jyy5dt,"Facebook, Instagram Will Switch White House Accounts From Trump to Biden on Jan. 20",
t3_jyy2z6,Bolton calls on GOP leadership to label Trump's behavior 'inexcusable',
t3_jyy0a9,Trump election challenges sound alarm among voters of color,
t3_jyxu4b,Biden advisor: 'He does not have any concern' about Trump lawsuits,
t3_jyxte1,"Trump’s Legal Team Cried Voter Fraud, But Courts Found None",
t3_jyxqd1,Chris Christie: Trump's legal team 'a national embarrassment',
t3_jyxpbd,Trump Campaign Lawyers Step Up but Are Swiftly Knocked Down,
t3_jyxodl,U.S. courts find no voter fraud despite cries from Trump’s legal team,
t3_jyxocz,Michigan leader: Trump didn’t ask for election interference,
t3_jyxn3r,Hogan 'embarrassed that more people' in the GOP 'aren't speaking up' against Trump,
t3_jyxn1c,"Chris Christie: Trump's legal challenges against election results have been ""a national embarrassment""",
t3_jyxlr4,Analysis: Donald Trump has left the world stage. Few will miss him,
t3_jyxl4z,"Trump ally, former NJ governor Chris Christie: president’s election fraud claims are a ‘national embarrassment’",
t3_jyxjcj,Can America Restore the Rule of Law Without Prosecuting Trump?,
t3_jyxinl,France's Le Drian says he shares Biden's view of Trump's challenge as irresponsible,
t3_jyxajt,"After Pennsylvania legal defeat, Trump digs in despite new pressure to concede election",
t3_jyx846,Sen. Toomey Congratulates Biden After Pennsylvania Judge Dismisses Trump Lawsuit,
t3_jyx75d,House Democratic Caucus chairman: Trump's presidency was a 'scam',
t3_jyx06u,Election Updates: Trump Campaign Faces Major Legal Setbacks; Biden Wins Certified,
t3_jywz3f,How Trump Hopes to Use Party Machinery to Retain Control of the G.O.P.,
t3_jywxtu,Michigan GOP Congressman Tells Trump 'It's Over': 'The Voters Spoke',
t3_jyww10,Trump administration pulls out of Open Skies Treaty with Russia,
t3_jywmds,"Split-screen: Biden preps to be president, Trump fights for the job he is ignoring",
t3_jywjti,40% of Top Pentagon Positions Empty After Donald Trump's Firing of Mark Esper,
t3_jywgwe,Republican senator congratulates Biden telling Trump to ‘accept outcome of election’,
t3_jywg26,Trump seeks expedited appeal of Pennsylvania ruling against effort to toss mail-in ballots,
t3_jywf6n,Trump formally requests recount in Georgia,
t3_jywaur,"3 ‘dead’ Georgia voters in fact very much alive: Trump, Tucker Carlson get it wrong",
t3_jyw52m,Biden faces politically thorny decision on Trump prosecutions | TheHill,
t3_jyw4pb,"Trump’s legal team cried vote fraud, but courts found none",
t3_jyw2mu,Trump threatens to wreak havoc on the GOP from beyond the White House,
t3_jyvwlr,Democrats gear up for last oversight showdown with Trump,
t3_jyvv5t,"Trump team requests another recount of Georgia’s presidential race, a day after results certified in Joe Biden’s victory",
t3_jyvt2z,Wisconsin officials: Trump observers obstructing recount | Election officials overseeing the recount of presidential votes in Wisconsin’s largest county are accusing observers for President Donald Trump of unduly slowing the process,
t3_jyvrie,"Trump's embarrassing, incompetent, humiliating, very sad coup",
t3_jyvps6,Judge's devastating question for team Trump,
t3_jyvp60,"What lies ahead: After the damage of the Trump era, can America avoid disaster?",
t3_jyvp5p,"Federal judge rejects Trump campaign's Pa. lawsuit with prejudice, saying it lacks factual proof",
t3_jyvhg1,"Biden hits Trump for refusing to concede, says 'national mask mandate' discussed with govs",
t3_jyv7ng,Spy Jonathan Pollard expected to fly to Israel after US lifts parole. Release marks latest gesture by departing Trump administration towards the Israeli government,
t3_jyuup3,Trump Wonders Why Joe Biden Is Forming A Cabinet In Latest Tweet Screed,
t3_jyuofr,Judge rules against Trump global media chief after firings | A federal judge has ruled against the head of the agency that runs the Voice of America and other U.S.-funded news outlets who was accused of trying to turn it into a propaganda vehicle to promote President Donald Trump’s agenda,
t3_jyunps,"Trump, laden with $400 million debts, plans to cash in on his post-presidency with a book deal, media appearances, and selling rally tickets, according to a report",
t3_jyufn4,Trump’s quest to overturn election runs into quiet resistance from local and state Republicans,
t3_jyu93u,Trump attorney Sidney Powell: 'I'm going to blow up' Georgia with new lawsuit,
t3_jyu2fl,The federal toll of Trump's failure to lead,
t3_jytzv7,"What Trump faces on Jan. 20, 2021",
t3_jytj5f,"Trump or No Trump, Religious Authoritarianism Is Here to Stay",
t3_jyt5rw,Liz Cheney says Trump should respect ‘sanctity’ of election if he can’t prove claims in court,
t3_jyskq2,Trump targets Medicare drug prices with cost-cutting measures,
t3_jysfhm,"Trump campaign requests recount of hand-recounted results in Georgia, which is unlikely to change outcome",
t3_jyserv,"Pennsylvania GOP Sen. Pat Toomey Tells Trump It's Over, Congratulates Joe Biden",
t3_jysdf1,Another defeat for Trump election claims,
t3_jysd13,Ben Carson Confirms Trump’s Friends Get Better Coronavirus Treatments,
t3_jys6cg,Florida man still pitching trailer park as site of future Trump presidential library,
t3_jys1yc,Trump’s tyranny is the moral equivalent of treason,
t3_jys0wx,Trump campaign asks for another Georgia recount,
t3_jyrsd4,America is being subjected to a stress test – and Republicans are failing | Most elected Republicans are refusing to stand up to Trump. Their cowardice is one of the worst betrayals of public trust in the history of our republic,
t3_jyrnq8,States and Local Republicans standing up to Trump are putting National GOP leaders to shame,
t3_jyrnnk,Trump's attempt to steal the election unravels as coronavirus cases surge,
t3_jyqqwc,FDA authorizes emergency use of the antibody cocktail given to Trump to treat Covid-19,
t3_jyqowe,"Michiganders Erupt After Their Maskless Lawmakers Sip Dom Perignon At Trump Hotel - Michigan legislators celebrate together after secretive meeting with Trump, who has been plotting to overturn the state’s vote for Joe Biden.",
t3_jyqnjd,"In pushing his claims to the limit, Trump has revealed the fragility of the voting system - and shaken it",
t3_jyqcfr,"After Pennsylvania court defeat, Trump faces new pressure to concede election",
t3_jyq2xw,Georgia will conduct recount after Trump campaign request,
t3_jyq2e5,Trump campaign requests recount in Georgia,
t3_jypxr0,Trump requests recount in Georgia,
t3_jypw7q,"Out of 53 Republican senators, only two have stood up to Trump's attempt to overturn the election",
t3_jypu3s,"Trump campaign, rebuffed by district judge, says taking Pennsylvania mail-in ballots case to Supreme Court",
t3_jypr6w,"The final days of lame-duck Trump: Electioneering, revenge and environmental attacks as the president refuses to go quietly",
t3_jypgsl,Trump's legal team requests recount of georgia presidential vote,
t3_jype7k,"Analysis: With silence, GOP enables Trump’s risky endgame",
t3_jyp41a,Wisconsin election officials say Trump observers are obstructing the recount and interrupting vote counters,
t3_jyp3bc,Trump campaign files for new recount in Georgia,
t3_jyp2p0,Trump team requests recount of Georgia presidential vote,
t3_jyoyk0,U.S. judge calls Trump claim challenging Biden win in Pennsylvania 'Frankenstein's Monster',
t3_jyoq50,Trump calls on GOP state legislatures to overturn election results,
t3_jz0vyr,Michigan AG Suggests Criminally Charging Republican Legislators for Meeting With Trump,
t3_jywb94,BREAKING: FDA Grants Emergency Use Authorization To Antibody Cocktail Used By Trump,
t3_jykguw,White House press secy doubles-down on Trump camp election litigation,
t3_jynr86,Team Trump’s statement on the PA ruling today:,
t3_jyp7h5,"""TRUMP CAMPAIGN STATEMENT ON PENNSYLVANIA RULING""",
t3_jyiyi3,Judge rules against Trump global media chief after firings,
t3_jyfnzw,Hispanic Voters In Florida Who Fled Communist Dictatorships Think The Election Was Stolen From President Trump,
t3_jyb1xn,What you you call it when Hell freezes over only it happened a long time ago and no one knew it that a leftist comedian TOTALLY backed up what Trump is saying now?,
t3_jy3z7t,Hispanic Voters in Florida Feel Election Was Stolen from Trump,
t3_jxzypx,President Trump Delivers Remarks on Delivering Lower Prescription Drug Prices for All Americans,
t3_jxzwln,LEGAL STRATEGY: Multiple Pathways To Victory for Trump | Rudy Giuliani | Ep. 88,
t3_jxt0yt,Lawyer working on Trump Pennsylvania effort placed under official protection due to threats,
t3_jxszs8,National Democratic Party official suggests re-education for Trump supporters: 'How do you deprogram 75 million people?',
t3_jxry1p,Live: Trump's legal team is holding a press conference about the election,
t3_jxrp3m,Why Republican voters say there’s ‘no way in hell’ Trump lost,
t3_jxfhko,Biden Supporters ASSAULT Elderly Trump Supporters including Women and Children at MAGA March!,
t3_jxak6t,"Leftists Suggest “Re-education Camps,” “Firing Squads,” Banning Talk Radio to “Deprogram” 75 Million Trump Supporters",
t3_jxaek7,"It’s obvious now, Fox News CONSPIRED against Trump",
t3_jx8wq8,"""They Made Significant Mistakes, Like All Crooks Do, and We Caught Them."" Trump's Lawyers Give Updates on the Election Investigation",
t3_jx683s,Report: Server Seized In Skytl Raid Shows Trump Actually Got 410 Electoral Votes; Media Panics,
t3_jx45t3,Samantha Bee's CRINGEY Attacks on Trump's Immigration Policy,
t3_jx2vlt,Trump Announces a Press Conference and a ‘Viable Path to Victory’,
t3_jwycmm,Tabloid mocked for stinky report about Ivanka Trump: ‘Talk about grasping for straws’,
t3_jwxx7p,"""“Drop and Roll” - How The 2020 Election Was Stolen From Donald Trump""",
t3_jwx3zo,Georgia Audit Catches Third Batch Of Uncounted Votes Favoring Trump,
t3_jwx2py,'Keep fighting': Second Trump rally in Washington set to protest electoral college vote,
t3_jwweh9,Trump Rushes Environmental Regulations That Could Handcuff Biden,
t3_jwsoo1,"Petition circulating at Harvard to stop former Trump administration officials from attending, teaching or speaking at the university",
t3_jwp8t0,"More Evidence Piles On. Michigan and Georgia, Like in PA and VA, Caught in Same Pattern. Once Biden Gained Lead with MASSIVE Vote Dumps, The Remainder of Votes All Possessed the Same Biden to Trump Vote Ratio – This is Statistically Impossible (details in link)",
t3_jwijfx,National Security Advisor Robert O’Brien delivers remarks on President Trump,
t3_jwgkxc,‘Experts’ Listed 27 House Races As Toss-Ups. Republicans Won All 27 - but Trump somehow lost,
t3_jwar6u,Evidence of Dominion Vote-Flipping Against Bernie Sanders in 2016 Boosts Trump Charges,
t3_jw8zf6,Attorney Lin Wood: Team has 'smoking guns' to prove Trump won -- '105% confident' that Biden will never be president,
t3_jw2swy,"BREAKING: Second Georgia County Finds Thousands More Votes, Majority Are For Trump | The Daily Wire",
t3_jw10q7,Hearing Begins in Trump's Critical Pennsylvania Election Challenge,
t3_jvvgff,Trump’s tweet was removed by Twitter and OP’s account suspended. Peter Neffenger. We are getting closer.,
t3_jvvi8r,Official r/DonaldTrump Election Map,
t3_jvke6e,"Trump asked advisers last week for ‘options’ to attack Iran’s nuclear facilities, says report",
t3_jvizbv,Exposed! New Proof On Why I Am CERTAIN Trump Will Win | Janet Porter,
t3_jvdid1,Fareed Zakaria Likens Trump Contesting Election to Pre-Nazi Germany,
t3_jvc7rm,Rioter Who Punched Out Trump Supporter In Viral Video Is Registered Child Sex Offender,
t3_jvc5rt,Ilhan Omar refers to Trump rallies as Klan rallies.,
t3_jvc3hm,Rand Paul's wife lays out example of media bias after watching videos of Trump supporters being attacked in DC,
t3_jvbicl,Obama Compares Trump To A Dictator Who Thinks He ‘Can Kill People’ And ‘Suppress Journalists’ In 60 Minutes Interview,
t3_jvb0i5,Israel Demands CNN Apology over Amanpour Likening Trump’s Tenure to Nazi Germany,
t3_jvazi4,"Obama Compares Trump To Dictator During Interview, Gets Slammed Online For Hypocrisy",
t3_jvayvj,"New Vaccine Developed In Conjunction With Trump’s ‘Operation Warp Speed’ Is 94.5% Effective, Company Says",
t3_jvavf7,Trump laying groundwork for full US troop withdrawal from Afghanistan before leaving office,
t3_jvafi9,Trump Set to Expose Efforts of Chinese Government to Penetrate US Government and Public Institutions,
t3_jv9vi7,The Hill’s Joe Concha WRECKS Failed NeverTrump Lincoln Project,
t3_jv99mm,The Trump Administration Will Produce a Report on Foreign Interference in the Election by December 18,
t3_jur09l,"Dominion Engineer Told Antifa He'd 'Made Sure' Trump Wouldn't Win, Report Says",
t3_jupguc,"In a Blind Test, California Votes for Trump: Ballot Results Show Californians Conservative on Issues",
t3_junzxj,"Sharyl Attkisson: Media plotted to destroy Trump, cover for Biden",
t3_junw72,Democrats Never Conceded 2016 Election. Why Should Trump Concede Before Court Challenges Are Over? - The Lid,
t3_jugszc,Violence erupts in DC as counter-protesters assault Trump supporters,
t3_judnd8,Family with kids getting attacked at the pro Trump rally in DC,
t3_ju6q2m,Pro-Trump supporters descend on DC for 'Million MAGA March' near White House,
t3_jtva01,Leftist cabal's sleazy plan to blacklist Trump-supporters blows up in their faces,
t3_jtscap,"Examining the code, internet geeks conclude 'Trump's win was yuuuge'",
t3_jtjhk0,CNN's Amanpour Likens Trump to Nazis Purging Jews -- 'Assault on Those Same Values',
t3_jzt627,Michigan's Board Of State Canvassers Certified Biden's Win In A Big Loss For Trump's Desperate Bid To Overturn The Election,
t3_jzt5d5,"GSA ascertains Joe Biden is ‘apparent winner’ of election, clears way for the transition from Trump administration to formally begin",
t3_jzt467,"Trump administration informs Joe Biden they are ready to begin the formal transition process, according to a letter obtained by CNN",
t3_jzt3hn,"Drip by drip, U.S. Republicans edge away from Trump election claims",
t3_jzt2u0,Trump appointee Emily Murphy informs Biden that GSA will begin transition process,
t3_jzt2gz,Whoopi Goldberg blasts Republicans not speaking against Trump: 'This is an attempted coup',
t3_jzt28a,GM quits Trump lawsuit against California auto emissions rules,
t3_jzt1ws,Trump appointee Emily Murphy informs Biden that GSA will begin transition process,
t3_jzt149,"Federal agency ascertains Biden ‘apparent winner’ of election, clears way for start of transition from Trump",
t3_jzt0rl,"Data: Trump's Anti-Globalism, Pro-Police Message Wins Over Hispanics",
t3_jzszzy,Vladimir Putin wasted no time in weaponizing Trump's election conspiracies to spread Russian propaganda,
t3_jzszg1,Michigan certifies Biden victory as Trump’s legal team suffers further losses,
t3_jzsz7w,Trump administration finally says it will begin transition process,
t3_jzsz4e,Trump fights to keep a job he shows no interest in performing,
t3_jzst4r,"Trump fears Giuliani, other lawyers in Biden vote challenge are 'fools that are making him look bad'",
t3_jzsrxm,General Motors abandons Trump in lawsuit fighting California on its own climate rules and vows to work on crisis with Biden,
t3_jzsruy,"Rush Limbaugh Does Full 180, Blasts Sidney Powell After Team Trump Disavowed Her",
t3_jzsqbv,Secret Service members asked about protecting soon-to-be-former president Trump full time in Florida,
t3_jzsmkk,Trump Supporter Who Breathed on Protesters Is Facing Assault Charges,
t3_jzsmiy,Trump Fires Sidney Powell for Election Conspiracies as Though He’s Not About to Claim China Paid Poll Workers to Change All the Ballots to Biden,
t3_jzsm35,"Michigan election board certifies 154,000-vote victory for Joe Biden, another setback in Trump’s effort to overturn election results",
t3_jzslni,Trump campaign says it will continue legal fight after Michigan certification,
t3_jzskav,Pennsylvania Supreme Court Reverses One of Trump’s Only Post-Election Litigation Wins,
t3_jzsk0y,Congress Has Every Right to Keep Investigating Trump After He’s Gone,
t3_jzsjpm,Trump is reportedly worried that his legal team is made up of 'fools that are making him look bad',
t3_jzsjjw,Over 100 CEOs threaten to cut off funds to Georgia GOP if Trump keeps blocking transition: report,
t3_jzsjet,Trump campaign says it will continue legal fight after Michigan certification,
t3_jzsfv2,Obama calls Trump era an 'anomaly' in Canada-U.S. relations,
t3_jzsfqc,First Latino tapped to head DHS signals shift from Trump's hard-line immigration policies,
t3_jzsfbe,Trump attorney in Wisconsin argues absentee votes should be thrown out - including his own,
t3_jzser3,"AP: Trump won 3.1M votes in Ohio, a new state record",
t3_jzseje,National Security Experts Urge Republicans To Demand Trump Concede The Election,
t3_jzscgu,"GM Abandons Trump Admin in Lawsuit Over California Emission Standards, a Sign Automaker Knows Biden Will Be Taking Over",
t3_jzsbmo,Michigan certifies Biden win; a setback for Trump challenge,
t3_jzs7ix,G.M. Drops Its Support for Trump Climate Rollbacks and Aligns With Biden,
t3_jzs7bo,Michael J Fox compares Trump to Back to the Future villain: ‘Biff is president’.,
t3_jzs6yd,PolitiFact - Trump's Pants on Fire claim about votes exceeding voters in swing states,
t3_jzs5wi,"Michigan board votes to certify the state’s election results, dealing Trump another blow",
t3_jzs4qi,Detroit had more vote errors in 2016 when Trump won Michigan by a narrow margin. He didn’t object then.,
t3_jzs2sh,Carl Bernstein says 21 Republican members of U.S. Senate have expressed disdain for Trump,
t3_jzs1zq,How Trump's fundraising could benefit his post-White House political life,
t3_jzs06l,"Michigan certifies Joe Biden's win despite Trump's GOP overtures | The Board of State Canvassers, which has two Republicans and two Democrats, confirmed the results on a 3-0 vote with one abstention",
t3_jzrzv8,Rush Limbaugh Knocks Trump's Lawyers For Not Providing Voter Fraud Proof,
t3_jzrztf,CEOs Urge Trump To Concede: 'Not A Moment To Waste' In Fighting COVID-19,
t3_jzrye4,Michigan votes to certify Biden's win over Trump,
t3_jzrxcf,Trump set to veto defense bill over renaming bases honoring Confederate leaders,
t3_jzrwkf,Trump’s vote fraud claims draw continued scrutiny from Twitter,
t3_jzrwf7,Indiana senators Braun and Young deny report they privately hold Trump in contempt,
t3_jzrwc2,Pennsylvania Supreme Court Kills Trump Bid to Disqualify Ballots,
t3_jzrvao,Michigan votes to certify Biden's win over Trump,
t3_jzrv7q,Trump's top election lawyer in Wisconsin says he and his wife voted illegally in the campaign's latest legal argument,
t3_jzrv19,Georgia sets timeline for Trump-requested recount,
t3_jzruwz,General Motors’ parting shot at Trump bodes well for the Biden presidency,
t3_jzruw3,Trump loses yet again as Michigan's state board certifies Biden's win,
t3_jzrspx,'Special jeopardy': 100 former Republican national security officials warn Trump must allow transition,
t3_jzrq5g,"Michigan election board votes to certify Biden win, dealing blow to Trump effort",
t3_jzrpbc,Trump campaign to ask appeals court to halt Biden win in Pennsylvania,
t3_jzrp6i,Can Democrats Win Georgia Without Trump on the Ticket?,
t3_jzrnx5,Michigan certifies Biden victory in another blow to Trump,
t3_jzrmfo,"Who is Sidney Powell, the lawyer the Trump campaign is now distancing itself from?",
t3_jzrmdg,Michigan certifies Biden win despite Trump's GOP overtures,
t3_jzrmc0,"Trump’s Ridiculous, Sloppy Coup Attempt Just Face-Planted in Michigan",
t3_jzrlnt,Michigan certifies Biden win despite Trump's GOP overtures,
t3_jzrl06,Chris Christie calls Trump's legal team a 'national embarrassment',
t3_jzrjet,"Michigan election board certifies 154,000-vote victory for Joe Biden, another setback in Trump’s effort to overturn election results",
t3_jzrguj,Michigan certifies Biden win despite Trump's GOP overtures,
t3_jzrfd5,"Michigan board votes to certify the state’s election results, dealing Trump another blow",
t3_jzrdys,Schisms emerging between Far-Right Fox News and soon-to-be former President Donald Trump,
t3_jzrcrn,Michigan certifies Joe's Biden win despite Trump's GOP overtures,
t3_jzrcjf,"Michigan election board votes to certify Biden win, dealing blow to Trump effort",
t3_jzrchd,"Michigan board votes to certify the state’s election results, dealing Trump another blow",
t3_jzrbwa,"Michigan election board votes to certify Biden win, dealing blow to Trump effort",
t3_jzrbkx,How Trump's fundraising could benefit his post-White House political life,
t3_jzrbbr,Michigan certifies Biden win despite Trump's GOP overtures,
t3_jzratd,"Michigan board votes to certify the state’s election results, dealing Trump another blow",
t3_jzrar7,"Michigan board votes to certify the state’s election results, dealing Trump another blow",
t3_jzra8r,"In blow to Trump, Michigan canvassing board certifies election results",
t3_jzr9x7,"Michigan election board certifies 154,000-vote victory for Joe Biden, another setback in Trump’s effort to overturn election results",
t3_jzr8px,Michigan certifies Biden win despite Trump's GOP overtures,
t3_jzr8dl,Michigan certifies Biden win despite Trump's GOP overtures,
t3_jzr88b,"Michigan election board certifies 154,000-vote victory for Joe Biden, another setback in Trump’s effort to overturn election results",
t3_jzr85t,"Michigan election board votes to certify Biden win, dealing blow to Trump effort",
t3_jzr7w5,Trump campaign suffers new court loss in attempt to block Biden's win in Pennsylvania,
t3_jzr77v,"Michigan board votes to certify the state’s election results, dealing Trump another blow",
t3_jzr751,"Michigan board votes to certify the state’s election results, dealing Trump another blow",
t3_jzr71p,Trump's top election lawyer in Wisconsin says he and his wife voted illegally in the campaign's latest legal argument,
t3_jzr6vb,Michigan's Board Of Canvassers Certified Biden's Win In A Big Loss For Trump's Desperate Bid To Overturn The Election,
t3_jzr4r9,Georgia sets timeline for Trump-requested recount,
t3_jzqzld,"Trump campaign forces Georgia taxpayers to pay for second recount after first one confirms its loss. A hand recount of nearly 5 million votes confirmed Biden's win, but Team Trump wants to milk taxpayers even more",
t3_jzqz78,"Trump will go, but Trumpism will remain",
t3_jzquzq,"GOP senator: No indication of widespread voting irregularities, window for Trump challenges is 'closing'",
t3_jzqrf3,Bernstein names 21 Republican senators who privately expressed contempt for Trump,
t3_jzqp20,Trump-Appointed Judges Find Conversion Therapy Bans Unconstitutional,
t3_jzqn1f,"Trump fears Giuliani, other lawyers in Biden vote challenge are 'fools that are making him look bad'",
t3_jzqk4b,Secret Service members asked about protecting soon-to-be-former president Trump full time in Florida: Sources | Agents in Trump's detail have been asked about relocating to West Palm Beach.,
t3_jzqj8z,"Trump Fears Giuliani, Other Lawyers in Biden Vote Challenge Are ‘Fools That Are Making Him Look Bad’",
t3_jzqioi,Poll: Majority say Trump should concede,
t3_jzqh7h,Trump campaign suffers new court loss in attempt to block Biden's win in Pennsylvania,
t3_jzqg3e,Trump campaign suffers new court loss in attempt to block Biden’s win in Pennsylvania,
t3_jzqf5t,"Republican Congressman Says GOP 'Embarrassing,' Calls on Party to 'Denounce' Trump's 'Conspiracy Theories'",
t3_jzqbl0,"Republican Congressman Says GOP 'Embarrassing,' Calls on Party to 'Denounce' Trump's 'Conspiracy Theories'",
t3_jzq9v3,Bernstein names 21 Republican senators who privately expressed contempt for Trump | Donald Trump | The Guardian,
t3_jzq7ab,"Trump Supporters in Georgia Threaten to Destroy GOP, Boycott Runoff Elections",
t3_jzq2dw,Poll: Majority say Trump should concede,
t3_jzq0dh,Biden’s Europe challenge: Repair tattered transatlantic ties | Four years of Donald Trump have done serious damage to mutual trust.,
t3_jzpyzb,"Behind the scenes, Trump frustrated with his legal team's maneuvers",
t3_jzpy16,"On Trump, GOP's silence 'can't be excused and won't be forgiven' — For the first time, a corrupt US leader is trying to cling to power through autocratic means. Let history note who lacked the patriotism to speak up.",
t3_jzpxxu,Biden taps Blinken to reshape U.S. foreign policy in post-Trump era,
t3_jzpwxq,"Trump Is Blowing Up the Georgia GOP—and It Couldn’t Happen at a Better Time: His complaints about a “stolen” election have state Republicans in a circular firing squad, threatening their chances to win two Senate seats in January.",
t3_jzpvd8,Trump's bizarro-world 'elite strike force' legal challenge is about to implode,
t3_jzpvbh,Rush Limbaugh criticizes Trump legal team for promising 'bombshells' and failing to deliver,
t3_jzpuu9,Election officials are facing death threats in key swing states where Trump is trying to overturn the results of the 2020 presidential race,
t3_jzprxe,Trump’s Absurd ‘You Did It First’ Argument for Stealing the Election,
t3_jzpr6u,Trump Wants 3rd Circuit to Halt Pennsylvania Certification,
t3_jzpowr,Let’s hear it for the judges for dismissing Trump’s lawsuits,
t3_jzpllg,The Already Useless Trump Kids Are About to Get Even More So,
t3_jzpk7a,A major Trump donor’s company got a 3 percent government-backed pandemic loan. It sells title loans at a 350 percent annual rate.,
t3_jzpjm8,"What if Trump won’t leave the White House? A hostage negotiator, an animal-control officer, and a toddler whisperer have advice",
t3_jzpilm,164 business leaders urge Trump to begin presidential transition for the sake of the country,
t3_jzpfqd,Pro-Trump Attorney Urges Republicans Not to Vote in Georgia Runoff,
t3_jzpf1h,GM flips to California's side in pollution fight with Trump,
t3_jzpexr,"What if Trump won’t leave the White House? A hostage negotiator, an animal-control officer, and a toddler whisperer have advice | Give him a five-minute warning, use food as a lure, remind him he has something to live for.",
t3_jzpeei,Trump Is Blowing Up the Georgia GOP—and It Couldn’t Happen at a Better Time,
t3_jzpddc,Land conservation plan stirs fight over Trump restrictions,
t3_jzpbaz,"General Motors Reverses Course, Spurns Trump-Backed California Emissions Lawsuit",
t3_jzp967,"General Motors Aligns With Biden, Pulls Out of Lawsuit Supporting Trump",
t3_jzp95d,"Despite Trump’s prod, Mich. to consider certifying Biden win",
t3_jzp6x0,"Marjorie Taylor Greene ""solidly convinced"" Trump won Georgia despite state certifying Biden's win",
t3_jzp4fh,Is Trump Selling Tickets to His 2021 Inauguration?,
t3_jzozd1,"Why the Trump campaign’s big legal flameout in Pennsylvania seems like a turning point, even for Republicans",
t3_jzoyr6,"Trump fears Giuliani, other lawyers in Biden vote challenge are 'fools that are making him look bad'",
t3_jzoykr,"Trump's on his way out, but leaves a lasting legacy: The right's open embrace of terrorism",
t3_jzoxch,What Donald Trump and Dick Cheney Got Wrong About America,
t3_jzos3p,It’s Time To Consider Sanctions for Trump’s Legal Team,
t3_jzorp7,Rush Limbaugh: Trump Needs to Hold Rallies in Georgia,
t3_jzorhc,"Trump fears Giuliani, other lawyers in Biden vote challenge are ‘fools that are making him look bad’",
t3_jzrh3f,Trump's election lawsuit leads to 3rd Circuit grant for expedited review,
t3_jzow71,Do Trump-Supporters Live in an Alternate Universe?- MSNBC'S Nicolle Wallace thinks so. Read the list and decide for yourself.,
t3_jzoca2,3rd Circuit Court of Appeals Grants Review of Trump Campaign PA Suit,
t3_jzo2si,A Neighbor You Like Probably Voted For Trump,
t3_jzn7hj,"Why The Left Can Be So Ridiculously Self-Righteous Without Realizing It -- What we saw in the lead up to the elections, and what we’ll witness for years to come, is utter contempt for Trump voters and conservatives in general.",
t3_jzn6ju,"All Republicans should support President Trump's legal fights -- Any who believe that buddying up to the Biden team is a symbol of unity, and better for America, have already abandoned Trump, conservatism, and America.",
t3_jzk8ef,"Sidney Powell Responds to Trump Campaign's Statement Saying She's Not Part of Legal Team -- Powell said her fight will go on anyway and closed her statement with the hashtag, ""#KrakenOnSteroids""",
t3_jzisz7,"Conservatives everywhere await evidence from the Trump legal team.-""The mainstream media has already convinced a lot of Republicans to give up. That’s exactly what they wanted to do.""",
t3_jzi9j6,Why is President Trump’s campaign distancing itself from Sidney Powell?,
t3_jz71b5,Clarification on the Trump legal teams recent statement that Sidney Powell does not work directly for the campaign:,
t3_jz9uhd,"The Viral Memo Changing the Trump Legal Strategy. ""The Constitutional Duty Of State Legislators In A Contested Presidential Election""",
t3_jz81aq,Trump Campaign Formally Requests a Recount in Georgia,
t3_jz5zny,Trump Legal Team Shuns Sidney Powell | Washington Examiner,
t3_jz0vyr,Michigan AG Suggests Criminally Charging Republican Legislators for Meeting With Trump,
t3_jywb94,BREAKING: FDA Grants Emergency Use Authorization To Antibody Cocktail Used By Trump,
t3_jykguw,White House press secy doubles-down on Trump camp election litigation,
t3_jynr86,Team Trump’s statement on the PA ruling today:,
t3_jyp7h5,"""TRUMP CAMPAIGN STATEMENT ON PENNSYLVANIA RULING""",
t3_jyiyi3,Judge rules against Trump global media chief after firings,
t3_jyfnzw,Hispanic Voters In Florida Who Fled Communist Dictatorships Think The Election Was Stolen From President Trump,
t3_jyb1xn,What you you call it when Hell freezes over only it happened a long time ago and no one knew it that a leftist comedian TOTALLY backed up what Trump is saying now?,
t3_jy3z7t,Hispanic Voters in Florida Feel Election Was Stolen from Trump,
t3_jxzypx,President Trump Delivers Remarks on Delivering Lower Prescription Drug Prices for All Americans,
t3_jxzwln,LEGAL STRATEGY: Multiple Pathways To Victory for Trump | Rudy Giuliani | Ep. 88,
t3_jxt0yt,Lawyer working on Trump Pennsylvania effort placed under official protection due to threats,
t3_jxszs8,National Democratic Party official suggests re-education for Trump supporters: 'How do you deprogram 75 million people?',
t3_jxry1p,Live: Trump's legal team is holding a press conference about the election,
t3_jxrp3m,Why Republican voters say there’s ‘no way in hell’ Trump lost,
t3_jxfhko,Biden Supporters ASSAULT Elderly Trump Supporters including Women and Children at MAGA March!,
t3_jxak6t,"Leftists Suggest “Re-education Camps,” “Firing Squads,” Banning Talk Radio to “Deprogram” 75 Million Trump Supporters",
t3_jxaek7,"It’s obvious now, Fox News CONSPIRED against Trump",
t3_jx8wq8,"""They Made Significant Mistakes, Like All Crooks Do, and We Caught Them."" Trump's Lawyers Give Updates on the Election Investigation",
t3_jx683s,Report: Server Seized In Skytl Raid Shows Trump Actually Got 410 Electoral Votes; Media Panics,
t3_jx45t3,Samantha Bee's CRINGEY Attacks on Trump's Immigration Policy,
t3_jx2vlt,Trump Announces a Press Conference and a ‘Viable Path to Victory’,
t3_jwycmm,Tabloid mocked for stinky report about Ivanka Trump: ‘Talk about grasping for straws’,
t3_jwxx7p,"""“Drop and Roll” - How The 2020 Election Was Stolen From Donald Trump""",
t3_jwx3zo,Georgia Audit Catches Third Batch Of Uncounted Votes Favoring Trump,
t3_jwx2py,'Keep fighting': Second Trump rally in Washington set to protest electoral college vote,
t3_jwweh9,Trump Rushes Environmental Regulations That Could Handcuff Biden,
t3_jwsoo1,"Petition circulating at Harvard to stop former Trump administration officials from attending, teaching or speaking at the university",
t3_jwp8t0,"More Evidence Piles On. Michigan and Georgia, Like in PA and VA, Caught in Same Pattern. Once Biden Gained Lead with MASSIVE Vote Dumps, The Remainder of Votes All Possessed the Same Biden to Trump Vote Ratio – This is Statistically Impossible (details in link)",
t3_jwijfx,National Security Advisor Robert O’Brien delivers remarks on President Trump,
t3_jwgkxc,‘Experts’ Listed 27 House Races As Toss-Ups. Republicans Won All 27 - but Trump somehow lost,
t3_jwar6u,Evidence of Dominion Vote-Flipping Against Bernie Sanders in 2016 Boosts Trump Charges,
t3_jw8zf6,Attorney Lin Wood: Team has 'smoking guns' to prove Trump won -- '105% confident' that Biden will never be president,
t3_jw2swy,"BREAKING: Second Georgia County Finds Thousands More Votes, Majority Are For Trump | The Daily Wire",
t3_jw10q7,Hearing Begins in Trump's Critical Pennsylvania Election Challenge,
t3_jvvgff,Trump’s tweet was removed by Twitter and OP’s account suspended. Peter Neffenger. We are getting closer.,
t3_jvvi8r,Official r/DonaldTrump Election Map,
t3_jvke6e,"Trump asked advisers last week for ‘options’ to attack Iran’s nuclear facilities, says report",
t3_jvizbv,Exposed! New Proof On Why I Am CERTAIN Trump Will Win | Janet Porter,
t3_jvdid1,Fareed Zakaria Likens Trump Contesting Election to Pre-Nazi Germany,
t3_jvc7rm,Rioter Who Punched Out Trump Supporter In Viral Video Is Registered Child Sex Offender,
t3_jvc5rt,Ilhan Omar refers to Trump rallies as Klan rallies.,
t3_jvc3hm,Rand Paul's wife lays out example of media bias after watching videos of Trump supporters being attacked in DC,
t3_jvbicl,Obama Compares Trump To A Dictator Who Thinks He ‘Can Kill People’ And ‘Suppress Journalists’ In 60 Minutes Interview,
t3_jvb0i5,Israel Demands CNN Apology over Amanpour Likening Trump’s Tenure to Nazi Germany,
t3_jvazi4,"Obama Compares Trump To Dictator During Interview, Gets Slammed Online For Hypocrisy",
t3_jvayvj,"New Vaccine Developed In Conjunction With Trump’s ‘Operation Warp Speed’ Is 94.5% Effective, Company Says",
t3_jvavf7,Trump laying groundwork for full US troop withdrawal from Afghanistan before leaving office,
t3_jvafi9,Trump Set to Expose Efforts of Chinese Government to Penetrate US Government and Public Institutions,
t3_jv9vi7,The Hill’s Joe Concha WRECKS Failed NeverTrump Lincoln Project,
t3_jv99mm,The Trump Administration Will Produce a Report on Foreign Interference in the Election by December 18,
t3_jur09l,"Dominion Engineer Told Antifa He'd 'Made Sure' Trump Wouldn't Win, Report Says",
t3_jupguc,"In a Blind Test, California Votes for Trump: Ballot Results Show Californians Conservative on Issues",
t3_junzxj,"Sharyl Attkisson: Media plotted to destroy Trump, cover for Biden",
t3_junw72,Democrats Never Conceded 2016 Election. Why Should Trump Concede Before Court Challenges Are Over? - The Lid,
